Rowe,Anne,"Engineer, materials",anne.rowe@nicholson-brown.net,(468)410-0307
Salinas,Sarah,"Nurse, adult",sarah.salin@cox.com,7776491028
Thompson,Jordan,Stage manager,jorda.thomp@jones.net,+1-877-771-0741x9204
Ramirez,Dennis,"Psychologist, forensic",denni.ramir@mccann-thomas.com,+1-631-768-2163x3167
Anderson,David,Microbiologist,david.ander@tucker.info,001-355-855-0350x438
Jimenez,Kristy,Charity fundraiser,krist.jimen@bennett.com,001-831-681-1986x45002
Snyder,Ralph,"Radiographer, diagnostic",ralph.snyde@williams.com,001-873-457-3185x345
Jones,Chris,"Accountant, chartered public finance",chris.jones@walker.net,629-306-4551x829
Dunn,Andrew,Records manager,andre.dunn@hansen-salas.com,562.863.4074
Jackson,Briana,Consulting civil engineer,brian.jacks@ballard.biz,+1-416-470-0370x187
Holt,Thomas,"Engineer, manufacturing",thoma.holt@estrada-dean.net,001-790-289-6084x2342
Barton,Rebecca,Herpetologist,rebec.barto@thompson-collins.com,873.546.8142x015
Prince,Carrie,Curator,carri.princ@barker-anderson.com,484.948.3419x471
Fitzgerald,Wesley,Purchasing manager,wesle.fitzg@valdez-black.com,+1-851-617-2894
Donovan,Maria,Technical sales engineer,maria.donov@casey.org,455-657-3149
Delacruz,Joseph,"Lecturer, higher education",josep.delac@bowen.org,+1-358-662-4955x24682
Goodman,Sara,Broadcast engineer,sara.goodm@pruitt-swanson.net,001-777-341-6624x398
Martin,Christopher,"Buyer, retail",chris.marti@johnson.biz,+1-916-542-3044x127
Mills,Daniel,Architectural technologist,danie.mills@torres-webster.info,522.352.4799x91985
Butler,Tina,"Secretary, company",tina.butle@jones.com,(588)888-1761
Hill,Jennifer,Research scientist (life sciences),jenni.hill@le.com,706-642-1187x80255
Blake,Ryan,Information systems manager,ryan.blake@kemp.com,+1-459-515-0723x81047
Williams,Elizabeth,Personal assistant,eliza.willi@sanchez.biz,212.817.8103
Larsen,David,Community pharmacist,david.larse@acevedo-lynch.com,(300)369-6182x81004
Howell,Janice,"Teacher, English as a foreign language",janic.howel@atkins.com,(974)909-5818x7832
Castillo,Devin,Building control surveyor,devin.casti@rodriguez-estrada.info,234.991.2031
Berg,Johnathan,"Journalist, broadcasting",johna.berg@newton.com,764.371.9251
Juarez,Michael,"Engineer, mining",micha.juare@perez.net,6243547712
Ferguson,Michele,"Therapist, horticultural",miche.fergu@butler.com,329.351.4304x324
Thomas,Cassidy,Freight forwarder,cassi.thoma@stark-johnson.com,001-203-201-0111
George,Joseph,"Scientist, audiological",josep.georg@brown-moore.org,977-912-2944x7425
Edwards,Daniel,"Engineer, civil (consulting)",danie.edwar@meyer.net,9712840927
Smith,Samantha,Museum/gallery curator,saman.smith@klein.com,001-531-642-2683x336
Kidd,Nicole,Hospital pharmacist,nicol.kidd@perez.com,329.544.5977x554
Hull,Jennifer,Museum/gallery conservator,jenni.hull@jensen.net,363.534.6353x00331
Richard,Brooke,Herpetologist,brook.richa@perry.com,4175501173
Ferguson,Connie,"Research officer, government",conni.fergu@thompson-boyd.com,760.943.7082x2082
Vasquez,Christina,Hydrographic surveyor,chris.vasqu@lawson.com,(728)815-3617x1914
Hansen,Alexis,Actuary,alexi.hanse@smith.com,(950)527-7139
Thompson,Adam,Data scientist,adam.thomp@lowery.com,+1-313-698-4593
Flores,Jennifer,Nutritional therapist,jenni.flore@huff.biz,001-291-712-7936x5204
Taylor,Tina,Health visitor,tina.taylo@dawson-durham.org,816-571-8607x0537
Warner,Troy,Control and instrumentation engineer,troy.warne@jenkins-holland.com,7946586543
Ryan,Sylvia,Tour manager,sylvi.ryan@smith.com,(711)797-9717x91763
White,Thomas,Herbalist,thoma.white@jackson.com,+1-930-882-3095x25499
Molina,Fernando,Facilities manager,ferna.molin@holland-cook.com,001-535-556-3883
Ortega,Michelle,Food technologist,miche.orteg@sparks.com,(450)953-6096
Young,Emily,"Scientist, research (physical sciences)",emily.young@anderson-bell.com,+1-900-917-2558x6119
Santiago,John,Garment/textile technologist,john.santi@king.com,+1-953-782-6562
May,Jennifer,Occupational therapist,jenni.may@vaughn.biz,4013378845
Reed,Robert,Metallurgist,rober.reed@charles.info,+1-490-972-3157
Willis,Richard,Health and safety adviser,richa.willi@martinez.com,728-399-6083x86319
Harvey,Nicholas,Osteopath,nicho.harve@west.biz,7257342579
Lewis,Jay,Chartered public finance accountant,jay.lewis@best.biz,+1-937-760-9228
Nelson,Alison,"Pharmacist, hospital",aliso.nelso@wheeler.com,001-527-784-7461x2857
Perez,Mary,Pension scheme manager,mary.perez@watts-nelson.com,+1-974-543-9380
Anderson,Christina,"Journalist, magazine",chris.ander@williamson.info,001-868-597-3045x899
Clarke,Jessica,Agricultural engineer,jessi.clark@holt.net,534.825.3982x427
Floyd,Louis,Television/film/video producer,louis.floyd@shelton.com,(628)405-2635
Lee,Kathy,"Investment banker, operational",kathy.lee@moore.org,+1-754-657-0318x7375
Fisher,Matthew,Forensic scientist,matth.fishe@smith-cruz.com,001-832-309-3273x890
Massey,Charles,Forest/woodland manager,charl.masse@andrews.com,(398)256-7232x446
Robinson,Kristine,Tour manager,krist.robin@diaz.com,985.944.8893x799
Young,Emily,Horticultural consultant,emily.young@bolton.org,001-456-843-6914x908
Griffith,Jorge,Magazine features editor,jorge.griff@norton-frank.biz,+1-463-437-9043x95342
Wells,Taylor,"Buyer, industrial",taylo.wells@smith.com,993.960.8697x7209
Lee,Kathleen,Biomedical scientist,kathl.lee@goodman.com,(237)618-9394x803
Walters,Tiffany,Trading standards officer,tiffa.walte@morgan.com,001-416-736-7548x290
Page,Karen,"Nurse, adult",karen.page@smith-galvan.info,9318576885
Moreno,Frank,Publishing copy,frank.moren@olson-morales.net,001-794-746-8232
Reynolds,Gregory,Holiday representative,grego.reyno@white.org,629-486-2217x44799
Campbell,Jason,Accounting technician,jason.campb@hinton-peters.com,865-567-0379x22395
Peterson,Pamela,Chartered loss adjuster,pamel.peter@gonzalez.com,862-291-3986
Tucker,Marcia,Adult nurse,marci.tucke@king.com,633.553.9794x0914
Hernandez,Natasha,Building control surveyor,natas.herna@macias.com,831.514.9167x627
Wells,Kimberly,Contracting civil engineer,kimbe.wells@sims-patton.org,211.974.8163
Hall,Mario,Professor Emeritus,mario.hall@flowers.com,(456)875-7440x9770
Edwards,Michael,"Merchandiser, retail",micha.edwar@walls.biz,425-289-8343x7439
Mccarthy,Jamie,Industrial/product designer,jamie.mccar@medina.org,516-642-3131x65396
Bird,Shawn,Armed forces training and education officer,shawn.bird@lutz.net,+1-627-380-9898x06805
Vasquez,Aaron,"Engineer, chemical",aaron.vasqu@moss.net,333-409-9337x51414
Thomas,Jacob,Financial trader,jacob.thoma@blake-rios.com,001-815-672-4504x17815
Kelly,Holly,"Psychologist, forensic",holly.kelly@hall.com,(841)615-6020x44816
Munoz,Brittany,Hotel manager,britt.munoz@owens-warren.info,453-984-0309
Berg,Carol,Chiropractor,carol.berg@wilson-stark.info,444.901.0638
Allen,Brittany,Proofreader,britt.allen@best-myers.net,212.281.8665
Ellis,Kelly,English as a foreign language teacher,kelly.ellis@savage.net,001-555-318-6412x044
Hunter,Michael,Oncologist,micha.hunte@nelson.com,632-443-6409
Burke,Wayne,Mental health nurse,wayne.burke@bennett.com,001-928-635-4769x19241
Martinez,Kenneth,"Psychologist, counselling",kenne.marti@wilkinson-stokes.org,+1-907-624-8950x36502
Smith,Amy,Water quality scientist,amy.smith@clark.com,001-356-379-3541
Howard,Emily,Purchasing manager,emily.howar@stone.com,7365067113
Perez,Margaret,"Therapist, speech and language",marga.perez@brennan.com,+1-448-585-2754x449
Gilmore,Trevor,Town planner,trevo.gilmo@black-sanders.com,(633)295-2538x3996
Bennett,Jordan,Research scientist (maths),jorda.benne@smith.biz,474.434.0418x26663
Smith,Susan,"Scientist, marine",susan.smith@manning.com,001-552-355-3773x6009
Lewis,Krista,"Therapist, speech and language",krist.lewis@sanchez.com,001-520-310-3859
Jones,Danielle,Heritage manager,danie.jones@thomas.com,622-590-3297x94583
Morgan,Melinda,Advertising copywriter,melin.morga@smith-wright.com,+1-204-483-3422
Snyder,Penny,"Producer, radio",penny.snyde@black.net,(476)590-2344
